N°;Nome;Email;Data;Ora
1;coccettinaaaa;coccetta@coccetta.it;02/06/2026;14:39:54
2;coccettinaaaa1;coccetta2@coccetta.it;02/06/2026;14:40:50
3;coccettinaaaa;18338@nnn.it;07/06/2026;11:40:25
4;coccettinaaaa;18338@nnn.it;07/06/2026;11:40:51
5;coccettinaaaa;18338@nnn.it;07/06/2026;11:41:00
6;coccettinaaaa;18338@nnn.it;07/06/2026;11:41:07
7;nffnfn;ALEX3738@gmail.com;07/06/2026;11:55:55
8;nffnfn;ALEX3738@gmail.com;07/06/2026;11:56:00
9;nffnfn;ALEX3738@gmail.com;07/06/2026;11:56:06
10;dbbddbd;coccetta@coccetta.it;07/06/2026;13:06:27;2025
11;dbbddbd;coccetta@coccetta.it;07/06/2026;13:06:32;2024
12;dbbddbd;coccetta@coccetta.it;07/06/2026;13:06:36;2023
